{"cameraMode":{"drawMode":0,"name":"Shaded","section":"Shading Mode"},"sceneLighting":true,"audioPlay":false,"sceneViewState":{"m_AlwaysRefresh":false,"showFog":true,"showSkybox":true,"showFlares":true,"showImageEffects":true,"showParticleSystems":true,"showVisualEffectGraphs":true,"m_FxEnabled":true},"in2DMode":false,"pivot":{"x":178.37051391601563,"y":122.55496215820313,"z":173.77577209472657},"rotation":{"x":-0.08717237412929535,"y":0.8995905518531799,"z":-0.21045257151126862,"w":-0.37262266874313357},"size":3.734450340270996,"orthographic":true}